"paper_id","pattern_regex","example_file_1","example_file_2","example_file_3","llm_classification","detected_date"
"956797614547916","^Exp[0-9]+_[0-9]+\.dat$","Exp2_1.dat","Exp2_10.dat","Exp2_11.dat","individual","2026-04-19 18:55:48"
"956797618788882","(no clear pattern)","Study1_Corruptible.csv","Study1_Dishonest.csv","Study1_Generous.csv","combined","2026-04-20 13:30:32"
"956797618814131","^S[0-9]+\.txt$","S102.txt","S103.txt","S104.txt","individual","2026-04-20 13:45:56"
"956797618822969","^micb[0-9]+_[0-9]+\.txt$","micb11_22.txt","micb11_23.txt","micb11_25.txt","individual","2026-04-20 13:48:10"
"956797619829688","(no clear pattern)","Condition_Assignment_Blank.csv","Condition_Assignment_Data.csv","Debrief_AM_Sheet1.csv","combined","2026-04-20 13:51:06"
"956797618813538","^Study_LTM_[0-9]+\.mat$","Study_LTM_10.mat","Study_LTM_11.mat","Study_LTM_12.mat","individual","2026-04-20 13:54:02"
"956797618813538","^Results_LTM_[0-9]+\.mat$","Results_LTM_10.mat","Results_LTM_11.mat","Results_LTM_12.mat","individual","2026-04-20 13:54:02"
"956797618813538","^Results_WM_[0-9]+\.mat$","Results_WM_10.mat","Results_WM_11.mat","Results_WM_12.mat","individual","2026-04-20 13:54:02"
"956797618813538","^Subject_Info_[0-9]+\.mat$","Subject_Info_10.mat","Subject_Info_11.mat","Subject_Info_12.mat","individual","2026-04-20 13:54:02"
"956797618813538","^Study_[0-9]+\.mat$","Study_1.mat","Study_10.mat","Study_11.mat","individual","2026-04-20 13:54:02"
"956797618813538","^Results_[0-9]+\.mat$","Results_1.mat","Results_10.mat","Results_11.mat","individual","2026-04-20 13:54:02"
"956797619830384","^[0-9]+_cdat\.mat$","10_cdat.mat","11_cdat.mat","12_cdat.mat","individual","2026-04-20 14:28:16"
"956797619830384","^[0-9]+_cdat[0-9]+\.mat$","1_cdat3.mat","10_cdat3.mat","11_cdat3.mat","individual","2026-04-20 14:28:16"
"956797619859361","^sub[0-9]+\.mat$","sub1.mat","sub10.mat","sub11.mat","individual","2026-04-20 14:52:11"
"956797619855964","^WM_VMAC_ET_replication_P[0-9]+S[0-9]+\.mat$","WM_VMAC_ET_replication_P10S1.mat","WM_VMAC_ET_replication_P11S1.mat","WM_VMAC_ET_replication_P12S1.mat","individual","2026-04-20 15:48:27"
"956797619855964","^WM_VMAC_ET_Study[0-9]+_P[0-9]+S[0-9]+\.mat$","WM_VMAC_ET_Study2_P1009S1.mat","WM_VMAC_ET_Study2_P1012S1.mat","WM_VMAC_ET_Study2_P1013S1.mat","individual","2026-04-20 15:48:27"
"956797615595607","^FlowerInsectCong-RA[0-9]+-[0-9]+-[0-9]+-[0-9]+-[0-9]+-[0-9]+\.txt$","FlowerInsectCong-RA0516-2014-01-29-12-08.txt","FlowerInsectCong-RA0626-2013-09-06-17-27.txt","FlowerInsectCong-RA0749-2013-10-21-16-59.txt","individual","2026-04-21 10:27:29"
"956797615595607","^FlowerInsectCong[0-9]+-RA[0-9]+-[0-9]+-[0-9]+-[0-9]+-[0-9]+-[0-9]+\.txt$","FlowerInsectCong-RA0516-2014-01-29-12-08.txt","FlowerInsectCong-RA0626-2013-09-06-17-27.txt","FlowerInsectCong-RA0749-2013-10-21-16-59.txt","individual","2026-04-21 10:27:29"
"956797615595607","^FlowerInsectINCong-RA[0-9]+-[0-9]+-[0-9]+-[0-9]+-[0-9]+-[0-9]+\.txt$","FlowerInsectCong-RA0516-2014-01-29-12-08.txt","FlowerInsectCong-RA0626-2013-09-06-17-27.txt","FlowerInsectCong-RA0749-2013-10-21-16-59.txt","individual","2026-04-21 10:27:29"
"956797615595607","^FlowerInsectINCong[0-9]+-RA[0-9]+-[0-9]+-[0-9]+-[0-9]+-[0-9]+-[0-9]+\.txt$","FlowerInsectCong-RA0516-2014-01-29-12-08.txt","FlowerInsectCong-RA0626-2013-09-06-17-27.txt","FlowerInsectCong-RA0749-2013-10-21-16-59.txt","individual","2026-04-21 10:27:29"
"956797615595607","^GenderStereoCong-RA[0-9]+-[0-9]+-[0-9]+-[0-9]+-[0-9]+-[0-9]+\.txt$","FlowerInsectCong-RA0516-2014-01-29-12-08.txt","FlowerInsectCong-RA0626-2013-09-06-17-27.txt","FlowerInsectCong-RA0749-2013-10-21-16-59.txt","individual","2026-04-21 10:27:29"
"956797615595607","^GenderStereoCong[0-9]+-RA[0-9]+-[0-9]+-[0-9]+-[0-9]+-[0-9]+-[0-9]+\.txt$","FlowerInsectCong-RA0516-2014-01-29-12-08.txt","FlowerInsectCong-RA0626-2013-09-06-17-27.txt","FlowerInsectCong-RA0749-2013-10-21-16-59.txt","individual","2026-04-21 10:27:29"
"956797615595607","^GenderStereoINCong-RA[0-9]+-[0-9]+-[0-9]+-[0-9]+-[0-9]+-[0-9]+\.txt$","FlowerInsectCong-RA0516-2014-01-29-12-08.txt","FlowerInsectCong-RA0626-2013-09-06-17-27.txt","FlowerInsectCong-RA0749-2013-10-21-16-59.txt","individual","2026-04-21 10:27:29"
"956797615595607","^GenderStereoINCong[0-9]+-RA[0-9]+-[0-9]+-[0-9]+-[0-9]+-[0-9]+-[0-9]+\.txt$","FlowerInsectCong-RA0516-2014-01-29-12-08.txt","FlowerInsectCong-RA0626-2013-09-06-17-27.txt","FlowerInsectCong-RA0749-2013-10-21-16-59.txt","individual","2026-04-21 10:27:29"
"956797615595607","^RaceEvalCong-RA[0-9]+-[0-9]+-[0-9]+-[0-9]+-[0-9]+-[0-9]+\.txt$","FlowerInsectCong-RA0516-2014-01-29-12-08.txt","FlowerInsectCong-RA0626-2013-09-06-17-27.txt","FlowerInsectCong-RA0749-2013-10-21-16-59.txt","individual","2026-04-21 10:27:29"
"956797615595607","^RaceEvalCong[0-9]+-RA[0-9]+-[0-9]+-[0-9]+-[0-9]+-[0-9]+-[0-9]+\.txt$","FlowerInsectCong-RA0516-2014-01-29-12-08.txt","FlowerInsectCong-RA0626-2013-09-06-17-27.txt","FlowerInsectCong-RA0749-2013-10-21-16-59.txt","individual","2026-04-21 10:27:29"
"956797615595607","^RaceEvalINCong-RA[0-9]+-[0-9]+-[0-9]+-[0-9]+-[0-9]+-[0-9]+\.txt$","FlowerInsectCong-RA0516-2014-01-29-12-08.txt","FlowerInsectCong-RA0626-2013-09-06-17-27.txt","FlowerInsectCong-RA0749-2013-10-21-16-59.txt","individual","2026-04-21 10:27:29"
"956797615595607","^RaceEvalINCong[0-9]+-RA[0-9]+-[0-9]+-[0-9]+-[0-9]+-[0-9]+-[0-9]+\.txt$","FlowerInsectCong-RA0516-2014-01-29-12-08.txt","FlowerInsectCong-RA0626-2013-09-06-17-27.txt","FlowerInsectCong-RA0749-2013-10-21-16-59.txt","individual","2026-04-21 10:27:29"
"956797615595607","^RaceStereoCong-RA[0-9]+-[0-9]+-[0-9]+-[0-9]+-[0-9]+-[0-9]+\.txt$","FlowerInsectCong-RA0516-2014-01-29-12-08.txt","FlowerInsectCong-RA0626-2013-09-06-17-27.txt","FlowerInsectCong-RA0749-2013-10-21-16-59.txt","individual","2026-04-21 10:27:29"
"956797615595607","^RaceStereoCong[0-9]+-RA[0-9]+-[0-9]+-[0-9]+-[0-9]+-[0-9]+-[0-9]+\.txt$","FlowerInsectCong-RA0516-2014-01-29-12-08.txt","FlowerInsectCong-RA0626-2013-09-06-17-27.txt","FlowerInsectCong-RA0749-2013-10-21-16-59.txt","individual","2026-04-21 10:27:29"
"956797615595607","^RaceStereoINCong-RA[0-9]+-[0-9]+-[0-9]+-[0-9]+-[0-9]+-[0-9]+\.txt$","FlowerInsectCong-RA0516-2014-01-29-12-08.txt","FlowerInsectCong-RA0626-2013-09-06-17-27.txt","FlowerInsectCong-RA0749-2013-10-21-16-59.txt","individual","2026-04-21 10:27:29"
"956797615595607","^RaceStereoINCong[0-9]+-RA[0-9]+-[0-9]+-[0-9]+-[0-9]+-[0-9]+-[0-9]+\.txt$","FlowerInsectCong-RA0516-2014-01-29-12-08.txt","FlowerInsectCong-RA0626-2013-09-06-17-27.txt","FlowerInsectCong-RA0749-2013-10-21-16-59.txt","individual","2026-04-21 10:27:29"
"956797615595607","^ShoesAthleticCong-RA[0-9]+-[0-9]+-[0-9]+-[0-9]+-[0-9]+-[0-9]+\.txt$","FlowerInsectCong-RA0516-2014-01-29-12-08.txt","FlowerInsectCong-RA0626-2013-09-06-17-27.txt","FlowerInsectCong-RA0749-2013-10-21-16-59.txt","individual","2026-04-21 10:27:29"
"956797615595607","^ShoesAthleticCong[0-9]+-RA[0-9]+-[0-9]+-[0-9]+-[0-9]+-[0-9]+-[0-9]+\.txt$","FlowerInsectCong-RA0516-2014-01-29-12-08.txt","FlowerInsectCong-RA0626-2013-09-06-17-27.txt","FlowerInsectCong-RA0749-2013-10-21-16-59.txt","individual","2026-04-21 10:27:29"
"956797615595607","^ShoesAthleticINCong-RA[0-9]+-[0-9]+-[0-9]+-[0-9]+-[0-9]+-[0-9]+\.txt$","FlowerInsectCong-RA0516-2014-01-29-12-08.txt","FlowerInsectCong-RA0626-2013-09-06-17-27.txt","FlowerInsectCong-RA0749-2013-10-21-16-59.txt","individual","2026-04-21 10:27:29"
"956797615595607","^ShoesAthleticINCong[0-9]+-RA[0-9]+-[0-9]+-[0-9]+-[0-9]+-[0-9]+-[0-9]+\.txt$","FlowerInsectCong-RA0516-2014-01-29-12-08.txt","FlowerInsectCong-RA0626-2013-09-06-17-27.txt","FlowerInsectCong-RA0749-2013-10-21-16-59.txt","individual","2026-04-21 10:27:29"
"956797615595607","^FlowerInsectCong[0-9]+-MT_[0-9]+-[0-9]+-[0-9]+-[0-9]+-[0-9]+-[0-9]+\.txt$","FlowerInsectCong-MT_074-2013-08-28-11-41.txt","FlowerInsectCong-MT_083-2015-02-24-12-00.txt","FlowerInsectCong-MT_141-2015-02-24-09-16.txt","individual","2026-04-21 10:27:29"
"956797615595607","^FlowerInsectINCong-MT_[0-9]+-[0-9]+-[0-9]+-[0-9]+-[0-9]+-[0-9]+\.txt$","FlowerInsectCong-MT_074-2013-08-28-11-41.txt","FlowerInsectCong-MT_083-2015-02-24-12-00.txt","FlowerInsectCong-MT_141-2015-02-24-09-16.txt","individual","2026-04-21 10:27:29"
"956797615595607","^GenderStereoINCong-MT_[0-9]+-[0-9]+-[0-9]+-[0-9]+-[0-9]+-[0-9]+\.txt$","FlowerInsectCong-MT_074-2013-08-28-11-41.txt","FlowerInsectCong-MT_083-2015-02-24-12-00.txt","FlowerInsectCong-MT_141-2015-02-24-09-16.txt","individual","2026-04-21 10:27:29"
"956797615595607","^RaceEvalCong-MT_[0-9]+-[0-9]+-[0-9]+-[0-9]+-[0-9]+-[0-9]+\.txt$","FlowerInsectCong-MT_074-2013-08-28-11-41.txt","FlowerInsectCong-MT_083-2015-02-24-12-00.txt","FlowerInsectCong-MT_141-2015-02-24-09-16.txt","individual","2026-04-21 10:27:29"
"956797615595607","^RaceEvalCong[0-9]+-MT_[0-9]+-[0-9]+-[0-9]+-[0-9]+-[0-9]+-[0-9]+\.txt$","FlowerInsectCong-MT_074-2013-08-28-11-41.txt","FlowerInsectCong-MT_083-2015-02-24-12-00.txt","FlowerInsectCong-MT_141-2015-02-24-09-16.txt","individual","2026-04-21 10:27:29"
"956797615595607","^RaceEvalINCong[0-9]+-MT_[0-9]+-[0-9]+-[0-9]+-[0-9]+-[0-9]+-[0-9]+\.txt$","FlowerInsectCong-MT_074-2013-08-28-11-41.txt","FlowerInsectCong-MT_083-2015-02-24-12-00.txt","FlowerInsectCong-MT_141-2015-02-24-09-16.txt","individual","2026-04-21 10:27:29"
"956797615595607","^RaceStereoCong-MT_[0-9]+-[0-9]+-[0-9]+-[0-9]+-[0-9]+-[0-9]+\.txt$","FlowerInsectCong-MT_074-2013-08-28-11-41.txt","FlowerInsectCong-MT_083-2015-02-24-12-00.txt","FlowerInsectCong-MT_141-2015-02-24-09-16.txt","individual","2026-04-21 10:27:29"
"956797615595607","^ShoesAthleticCong-MT_[0-9]+-[0-9]+-[0-9]+-[0-9]+-[0-9]+-[0-9]+\.txt$","FlowerInsectCong-MT_074-2013-08-28-11-41.txt","FlowerInsectCong-MT_083-2015-02-24-12-00.txt","FlowerInsectCong-MT_141-2015-02-24-09-16.txt","individual","2026-04-21 10:27:29"
"956797615595607","^FlowerInsectCong-MT_[0-9]+-[0-9]+-[0-9]+-[0-9]+-[0-9]+-[0-9]+\.txt$","FlowerInsectCong-MT_007-2013-08-06-15-02.txt","FlowerInsectCong-MT_009-2014-02-05-14-36.txt","FlowerInsectCong-MT_024-2015-02-25-10-41.txt","individual","2026-04-21 10:27:29"
"956797615595607","^FlowerInsectINCong[0-9]+-MT_[0-9]+-[0-9]+-[0-9]+-[0-9]+-[0-9]+-[0-9]+\.txt$","FlowerInsectCong-MT_007-2013-08-06-15-02.txt","FlowerInsectCong-MT_009-2014-02-05-14-36.txt","FlowerInsectCong-MT_024-2015-02-25-10-41.txt","individual","2026-04-21 10:27:29"
"956797615595607","^GenderStereoCong-MT_[0-9]+-[0-9]+-[0-9]+-[0-9]+-[0-9]+-[0-9]+\.txt$","FlowerInsectCong-MT_007-2013-08-06-15-02.txt","FlowerInsectCong-MT_009-2014-02-05-14-36.txt","FlowerInsectCong-MT_024-2015-02-25-10-41.txt","individual","2026-04-21 10:27:29"
"956797615595607","^GenderStereoCong[0-9]+-MT_[0-9]+-[0-9]+-[0-9]+-[0-9]+-[0-9]+-[0-9]+\.txt$","FlowerInsectCong-MT_007-2013-08-06-15-02.txt","FlowerInsectCong-MT_009-2014-02-05-14-36.txt","FlowerInsectCong-MT_024-2015-02-25-10-41.txt","individual","2026-04-21 10:27:29"
"956797615595607","^GenderStereoINCong[0-9]+-MT_[0-9]+-[0-9]+-[0-9]+-[0-9]+-[0-9]+-[0-9]+\.txt$","FlowerInsectCong-MT_007-2013-08-06-15-02.txt","FlowerInsectCong-MT_009-2014-02-05-14-36.txt","FlowerInsectCong-MT_024-2015-02-25-10-41.txt","individual","2026-04-21 10:27:29"
"956797615595607","^RaceEvalINCong-MT_[0-9]+-[0-9]+-[0-9]+-[0-9]+-[0-9]+-[0-9]+\.txt$","FlowerInsectCong-MT_007-2013-08-06-15-02.txt","FlowerInsectCong-MT_009-2014-02-05-14-36.txt","FlowerInsectCong-MT_024-2015-02-25-10-41.txt","individual","2026-04-21 10:27:29"
"956797615595607","^RaceStereoCong[0-9]+-MT_[0-9]+-[0-9]+-[0-9]+-[0-9]+-[0-9]+-[0-9]+\.txt$","FlowerInsectCong-MT_007-2013-08-06-15-02.txt","FlowerInsectCong-MT_009-2014-02-05-14-36.txt","FlowerInsectCong-MT_024-2015-02-25-10-41.txt","individual","2026-04-21 10:27:29"
"956797615595607","^RaceStereoINCong-MT_[0-9]+-[0-9]+-[0-9]+-[0-9]+-[0-9]+-[0-9]+\.txt$","FlowerInsectCong-MT_007-2013-08-06-15-02.txt","FlowerInsectCong-MT_009-2014-02-05-14-36.txt","FlowerInsectCong-MT_024-2015-02-25-10-41.txt","individual","2026-04-21 10:27:29"
"956797615595607","^RaceStereoINCong[0-9]+-MT_[0-9]+-[0-9]+-[0-9]+-[0-9]+-[0-9]+-[0-9]+\.txt$","FlowerInsectCong-MT_007-2013-08-06-15-02.txt","FlowerInsectCong-MT_009-2014-02-05-14-36.txt","FlowerInsectCong-MT_024-2015-02-25-10-41.txt","individual","2026-04-21 10:27:29"
"956797615595607","^ShoesAthleticCong[0-9]+-MT_[0-9]+-[0-9]+-[0-9]+-[0-9]+-[0-9]+-[0-9]+\.txt$","FlowerInsectCong-MT_007-2013-08-06-15-02.txt","FlowerInsectCong-MT_009-2014-02-05-14-36.txt","FlowerInsectCong-MT_024-2015-02-25-10-41.txt","individual","2026-04-21 10:27:29"
"956797615595607","^ShoesAthleticINCong-MT_[0-9]+-[0-9]+-[0-9]+-[0-9]+-[0-9]+-[0-9]+\.txt$","FlowerInsectCong-MT_007-2013-08-06-15-02.txt","FlowerInsectCong-MT_009-2014-02-05-14-36.txt","FlowerInsectCong-MT_024-2015-02-25-10-41.txt","individual","2026-04-21 10:27:29"
"956797615595607","^ShoesAthleticINCong[0-9]+-MT_[0-9]+-[0-9]+-[0-9]+-[0-9]+-[0-9]+-[0-9]+\.txt$","FlowerInsectCong-MT_007-2013-08-06-15-02.txt","FlowerInsectCong-MT_009-2014-02-05-14-36.txt","FlowerInsectCong-MT_024-2015-02-25-10-41.txt","individual","2026-04-21 10:27:29"
"9567976211055376","^inter_close_data[0-9]+_[0-9]+\.mat$","inter_close_data2_00.mat","inter_close_data2_03.mat","inter_close_data2_04.mat","individual","2026-04-21 10:39:58"
"956797617698226","^[0-9]+_RTTask_SyllablePiloting_Voice[0-9]+\.txt$","1_RTTask_SyllablePiloting_Voice1.txt","1_RTTask_SyllablePiloting_Voice2.txt","10_RTTask_SyllablePiloting_Voice1.txt","individual","2026-04-21 10:42:24"
"956797617737128","^[0-9]+\.txt$","1001.txt","1002.txt","1003.txt","individual","2026-04-21 10:47:41"
"956797617713053","^causality_[0-9]+\.mat$","causality_1.mat","causality_10.mat","causality_11.mat","individual","2026-04-21 10:50:34"
"956797617713053","^counterfactuals_[0-9]+\.mat$","causality_1.mat","causality_10.mat","causality_11.mat","individual","2026-04-21 10:50:34"
"956797617713053","^observations_[0-9]+\.mat$","causality_1.mat","causality_10.mat","causality_11.mat","individual","2026-04-21 10:50:34"
"956797617713053","^causality_[0-9]+_df.long\.csv$","causality_1_df.long.csv","causality_1_df.participants.csv","causality_10_df.long.csv","individual","2026-04-21 10:50:34"
"956797617713053","^causality_[0-9]+_df.participants\.csv$","causality_1_df.long.csv","causality_1_df.participants.csv","causality_10_df.long.csv","individual","2026-04-21 10:50:34"
"956797617713053","^counterfactuals_[0-9]+_df.long\.csv$","causality_1_df.long.csv","causality_1_df.participants.csv","causality_10_df.long.csv","individual","2026-04-21 10:50:34"
"956797617713053","^counterfactuals_[0-9]+_df.participants\.csv$","causality_1_df.long.csv","causality_1_df.participants.csv","causality_10_df.long.csv","individual","2026-04-21 10:50:34"
"956797617713053","^observations_[0-9]+_df.long\.csv$","causality_1_df.long.csv","causality_1_df.participants.csv","causality_10_df.long.csv","individual","2026-04-21 10:50:34"
"956797617713053","^observations_[0-9]+_df.participants\.csv$","causality_1_df.long.csv","causality_1_df.participants.csv","causality_10_df.long.csv","individual","2026-04-21 10:50:34"
"956797617748959","^s[0-9]+.[0-9]+.Imagery_Adpt_Exper_[0-9]+_Dec_[0-9]+_[0-9]+\.txt$","s001.1.Imagery_Adpt_Exper_2015_Dec_02_1319.txt","s001.2.Imagery_Adpt_Exper_2015_Dec_02_1329.txt","s001.3.Imagery_Adpt_Exper_2015_Dec_02_1339.txt","individual","2026-04-21 10:53:13"
"956797617748959","^s[0-9]+.PreTest.Real_Adpt_Exper_[0-9]+_Dec_[0-9]+_[0-9]+\.txt$","s001.1.Imagery_Adpt_Exper_2015_Dec_02_1319.txt","s001.2.Imagery_Adpt_Exper_2015_Dec_02_1329.txt","s001.3.Imagery_Adpt_Exper_2015_Dec_02_1339.txt","individual","2026-04-21 10:53:13"
"956797617748959","^s[0-9]+.[0-9]+.Imagery_Adpt_Exper_[0-9]+_Feb_[0-9]+_[0-9]+\.txt$","s001.1.Imagery_Adpt_Exper_2015_Dec_02_1319.txt","s001.2.Imagery_Adpt_Exper_2015_Dec_02_1329.txt","s001.3.Imagery_Adpt_Exper_2015_Dec_02_1339.txt","individual","2026-04-21 10:53:13"
"956797617748959","^s[0-9]+_combined_eye_data\.txt$","s001_combined_eye_data.txt","s002_combined_eye_data.txt","s003_combined_eye_data.txt","individual","2026-04-21 10:53:13"
"956797617748959","^s[0-9]+.[0-9]+.Real_Adpt_Exper_[0-9]+_Nov_[0-9]+_[0-9]+\.txt$","s001.1.Real_Adpt_Exper_2015_Nov_19_1319.txt","s001.2.Real_Adpt_Exper_2015_Nov_19_1330.txt","s001.3.Real_Adpt_Exper_2015_Nov_19_1340.txt","individual","2026-04-21 10:53:13"
"956797617748959","^s[0-9]+.PreTest.Real_Adpt_Exper_[0-9]+_Nov_[0-9]+_[0-9]+\.txt$","s001.1.Real_Adpt_Exper_2015_Nov_19_1319.txt","s001.2.Real_Adpt_Exper_2015_Nov_19_1330.txt","s001.3.Real_Adpt_Exper_2015_Nov_19_1340.txt","individual","2026-04-21 10:53:13"
"956797617748959","^s[0-9]+.[0-9]+.Real_Adpt_Exper_[0-9]+_Dec_[0-9]+_[0-9]+\.txt$","s001.1.Real_Adpt_Exper_2015_Nov_19_1319.txt","s001.2.Real_Adpt_Exper_2015_Nov_19_1330.txt","s001.3.Real_Adpt_Exper_2015_Nov_19_1340.txt","individual","2026-04-21 10:53:13"
"956797617748959","^s[0-9]+.[0-9]+.Real_Adpt_Exper_[0-9]+_Feb_[0-9]+_[0-9]+\.txt$","s001.1.Real_Adpt_Exper_2015_Nov_19_1319.txt","s001.2.Real_Adpt_Exper_2015_Nov_19_1330.txt","s001.3.Real_Adpt_Exper_2015_Nov_19_1340.txt","individual","2026-04-21 10:53:13"
"956797617748959","^s[0-9]+.[0-9]+.Imagery_Adpt_Exper_[0-9]+_Mar_[0-9]+_[0-9]+\.txt$","s001.1.Imagery_Adpt_Exper_2016_Mar_08_1428.txt","s001.2.Imagery_Adpt_Exper_2016_Mar_08_1438.txt","s001.3.Imagery_Adpt_Exper_2016_Mar_08_1448.txt","individual","2026-04-21 10:53:13"
"956797617748959","^s[0-9]+.PreTest.Imagery_Adpt_Async_Control_[0-9]+_Mar_[0-9]+_[0-9]+\.txt$","s001.1.Imagery_Adpt_Exper_2016_Mar_08_1428.txt","s001.2.Imagery_Adpt_Exper_2016_Mar_08_1438.txt","s001.3.Imagery_Adpt_Exper_2016_Mar_08_1448.txt","individual","2026-04-21 10:53:13"
"956797617748959","^s[0-9]+.[0-9]+.Real_Adpt_Async_Control_[0-9]+_Feb_[0-9]+_[0-9]+\.txt$","s001.1.Real_Adpt_Async_Control_2016_Feb_17_1117.txt","s001.2.Real_Adpt_Async_Control_2016_Feb_17_1127.txt","s001.3.Real_Adpt_Async_Control_2016_Feb_17_1137.txt","individual","2026-04-21 10:53:13"
"956797617748959","^s[0-9]+.PreTest.Real_Adpt_Async_Control_[0-9]+_Feb_[0-9]+_[0-9]+\.txt$","s001.1.Real_Adpt_Async_Control_2016_Feb_17_1117.txt","s001.2.Real_Adpt_Async_Control_2016_Feb_17_1127.txt","s001.3.Real_Adpt_Async_Control_2016_Feb_17_1137.txt","individual","2026-04-21 10:53:13"
"956797617748959","^s[0-9]+.[0-9]+.Real_Adpt_Async_Control_[0-9]+_Mar_[0-9]+_[0-9]+\.txt$","s001.1.Real_Adpt_Async_Control_2016_Feb_17_1117.txt","s001.2.Real_Adpt_Async_Control_2016_Feb_17_1127.txt","s001.3.Real_Adpt_Async_Control_2016_Feb_17_1137.txt","individual","2026-04-21 10:53:13"
"956797617748959","^s[0-9]+.[0-9]+.Imagery_Adpt_[0-9]+_[0-9]+_Jul_[0-9]+_[0-9]+\.txt$","s001.1.Imagery_Adpt_3_2016_Mar_24_1425.txt","s001.2.Imagery_Adpt_3_2016_Mar_24_1435.txt","s001.3.Imagery_Adpt_3_2016_Mar_24_1447.txt","individual","2026-04-21 10:53:13"
"956797617748959","^s[0-9]+.PreTest.Imagery_Adpt_[0-9]+_[0-9]+_Jul_[0-9]+_[0-9]+\.txt$","s001.1.Imagery_Adpt_3_2016_Mar_24_1425.txt","s001.2.Imagery_Adpt_3_2016_Mar_24_1435.txt","s001.3.Imagery_Adpt_3_2016_Mar_24_1447.txt","individual","2026-04-21 10:53:13"
"956797617748959","^s[0-9]+.[0-9]+.Imagery_Adpt_[0-9]+_[0-9]+_Sep_[0-9]+_[0-9]+\.txt$","s001.1.Imagery_Adpt_3_2016_Mar_24_1425.txt","s001.2.Imagery_Adpt_3_2016_Mar_24_1435.txt","s001.3.Imagery_Adpt_3_2016_Mar_24_1447.txt","individual","2026-04-21 10:53:13"
"956797617748959","^s[0-9]+.[0-9]+.Real_Adpt_[0-9]+_[0-9]+_Sep_[0-9]+_[0-9]+\.txt$","s001.1.Real_Adpt_3_2016_Sep_15_1535.txt","s001.2.Real_Adpt_3_2016_Sep_15_1548.txt","s001.3.Real_Adpt_3_2016_Sep_15_1601.txt","individual","2026-04-21 10:53:13"
"956797617748959","^s[0-9]+.PreTest.Imagery_Adpt_[0-9]+_[0-9]+_Sep_[0-9]+_[0-9]+\.txt$","s001.1.Real_Adpt_3_2016_Sep_15_1535.txt","s001.2.Real_Adpt_3_2016_Sep_15_1548.txt","s001.3.Real_Adpt_3_2016_Sep_15_1601.txt","individual","2026-04-21 10:53:13"
"956797617692107","^BDH_[0-9]+_[0-9]+_[0-9]+_[0-9]+_[0-9]+_polar\.csv$","BDH_01_1_7_12112_22102014_polar.csv","BDH_01_10_7_12175_22102014_polar.csv","BDH_01_11_7_12188_22102014_polar.csv","individual","2026-04-21 10:55:09"
"9567976221082940","^[0-9]+_data_PICCBI_PARTICIPANT_SESSION_[0-9]+-[0-9]+-[0-9]+_[0-9]+h[0-9]+.[0-9]+.[0-9]+\.csv$","001_data_PICCBI_PARTICIPANT_SESSION_2020-10-05_10h51.03.11.csv","002_data_PICCBI_PARTICIPANT_SESSION_2020-10-06_18h57.05.382.csv","003_data_PICCBI_PARTICIPANT_SESSION_2020-10-06_23h29.59.938.csv","individual","2026-04-21 11:04:57"
"9567976221082940","^[0-9]+_data_prol_piccbi_PARTICIPANT_SESSION_[0-9]+-[0-9]+-[0-9]+_[0-9]+h[0-9]+.[0-9]+.[0-9]+\.csv$","001_data_PICCBI_PARTICIPANT_SESSION_2020-10-05_10h51.03.11.csv","002_data_PICCBI_PARTICIPANT_SESSION_2020-10-06_18h57.05.382.csv","003_data_PICCBI_PARTICIPANT_SESSION_2020-10-06_23h29.59.938.csv","individual","2026-04-21 11:04:57"
"9567976221082940","^[0-9]+_data_prolific_PICCBI_PARTICIPANT_SESSION_[0-9]+-[0-9]+-[0-9]+_[0-9]+h[0-9]+.[0-9]+.[0-9]+\.csv$","001_data_PICCBI_PARTICIPANT_SESSION_2020-10-05_10h51.03.11.csv","002_data_PICCBI_PARTICIPANT_SESSION_2020-10-06_18h57.05.382.csv","003_data_PICCBI_PARTICIPANT_SESSION_2020-10-06_23h29.59.938.csv","individual","2026-04-21 11:04:57"
"956797620970548","^Subject f_Preprocessed_[0-9]+\.adicht$","Subject f_Preprocessed_101.adicht","Subject f_Preprocessed_102.adicht","Subject f_Preprocessed_103.adicht","individual","2026-04-21 11:17:36"
"956797620970548","^Subject [0-9]+ Temp\.txt$","Subject 1 Temp.txt","Subject 10 Temp.txt","Subject 11 Temp.txt","individual","2026-04-21 11:17:36"
"956797620970548","^Primer Task Subject [0-9]+\.txt$","Primer Task Subject 1.txt","Primer Task Subject 10.txt","Primer Task Subject 11.txt","individual","2026-04-21 11:17:36"
"956797620970548","^Receiver MRI [0-9]+\.txt$","Receiver MRI 1.txt","Receiver MRI 10.txt","Receiver MRI 11.txt","individual","2026-04-21 11:17:36"
"956797620970548","^Subject [0-9]+ MRI\.adicht$","Subject 1 MRI.adicht","Subject 10 MRI.adicht","Subject 11 MRI.adicht","individual","2026-04-21 11:17:36"
"9567976231173902","^subject-[0-9]+\.csv$","subject-1.csv","subject-10.csv","subject-11.csv","individual","2026-04-21 11:20:00"
"9567976231173902","^db[0-9]+\.csv$","db1.csv","db10.csv","db100.csv","individual","2026-04-21 11:20:00"
"956797620903718","^Study_LTM_[0-9]+\.mat$","Study_LTM_10.mat","Study_LTM_11.mat","Study_LTM_12.mat","individual","2026-04-21 11:22:36"
"956797620903718","^Results_LTM_[0-9]+\.mat$","Results_LTM_10.mat","Results_LTM_11.mat","Results_LTM_12.mat","individual","2026-04-21 11:22:36"
"956797620903718","^Results_WM_[0-9]+\.mat$","Results_WM_10.mat","Results_WM_11.mat","Results_WM_12.mat","individual","2026-04-21 11:22:36"
"956797620903718","^Subject_Info_[0-9]+\.mat$","Subject_Info_10.mat","Subject_Info_11.mat","Subject_Info_12.mat","individual","2026-04-21 11:22:36"
"956797620903718","^Study_[0-9]+\.mat$","Study_1.mat","Study_10.mat","Study_11.mat","individual","2026-04-21 11:22:36"
"956797620903718","^Results_[0-9]+\.mat$","Results_1.mat","Results_10.mat","Results_11.mat","individual","2026-04-21 11:22:36"
"956797619863663","(no clear pattern)","B1Fulldata.csv","B2Modeldata.csv","B3Learningcurvesdata.csv","individual","2026-04-21 11:40:39"
"956797619895284","^[0-9]+_preprocessed\.csv$","107343_preprocessed.csv","108749_preprocessed.csv","111597_preprocessed.csv","individual","2026-04-21 11:45:39"
"956797620935584","^Sub[0-9]+_EB\.txt$","Sub01_EB.txt","Sub02_EB.txt","Sub03_EB.txt","individual","2026-04-21 13:11:19"
"956797620935584","^Sub[0-9]+_SC\.txt$","Sub01_EB.txt","Sub02_EB.txt","Sub03_EB.txt","individual","2026-04-21 13:11:19"
"9567976231217508","^fMRIPilot_Data_Export_Subj[0-9]+\.tsv$","fMRIPilot_Data_Export_Subj1.tsv","fMRIPilot_Data_Export_Subj10.tsv","fMRIPilot_Data_Export_Subj11.tsv","individual","2026-04-21 13:15:43"
"956797620939942","^P[0-9]+\.txt$","P0000.txt","P0002.txt","P0003.txt","individual","2026-04-21 15:38:57"
"956797620949461","^[0-9]+_control\.csv$","1_control.csv","1_main.csv","10_control.csv","individual","2026-04-21 15:40:08"
"956797620949461","^[0-9]+_main\.csv$","1_control.csv","1_main.csv","10_control.csv","individual","2026-04-21 15:40:08"
"956797618815441","^s[0-9]+\.csv$","googledat20.csv","s1.csv","s10.csv","individual","2026-04-21 16:09:23"
"956797621996667","^HC[0-9]+\.bdf$","HC001.bdf","HC002.bdf","HC003.bdf","individual","2026-04-21 16:10:18"
"956797621996667","^HC[0-9]+([0-9]+)\.bdf$","HC001.bdf","HC002.bdf","HC003.bdf","individual","2026-04-21 16:10:18"
"956797621996667","^HC[0-9]+-M[0-9]+_A_Linien_V[0-9]+\.log$","HC001-M083_A_Linien_V1.log","HC001-M083_B_Alter_V1.log","HC001-M083_C_Kriminell_V1.log","individual","2026-04-21 16:10:18"
"956797621996667","^HC[0-9]+-M[0-9]+_B_Alter_V[0-9]+\.log$","HC001-M083_A_Linien_V1.log","HC001-M083_B_Alter_V1.log","HC001-M083_C_Kriminell_V1.log","individual","2026-04-21 16:10:18"
"956797621996667","^HC[0-9]+-M[0-9]+_C_Kriminell_V[0-9]+\.log$","HC001-M083_A_Linien_V1.log","HC001-M083_B_Alter_V1.log","HC001-M083_C_Kriminell_V1.log","individual","2026-04-21 16:10:18"
"956797614561045","^[0-9]+_imOrd\.txt$","012701_imOrd.txt","013001_imOrd.txt","020101_imOrd.txt","individual","2026-04-21 16:21:14"
"956797614561045","^[0-9]+\.mat$","012701.mat","013001.mat","020101.mat","individual","2026-04-21 16:21:14"
"956797616685770","^[0-9]+_[0-9]+_[0-9]+_[0-9]+\.txt$","13_03_27_093249.txt","13_03_27_093959.txt","13_03_27_095108.txt","combined","2026-04-21 16:24:51"
"956797614543801","(no clear pattern)","defaults.xml","race4_abhwawhbahwb.xml","race4_abwhahwbawhb.xml","combined","2026-04-22 11:20:02"
"0956797616685770","^[0-9]+_[0-9]+_[0-9]+_[0-9]+\.txt$","13_03_27_093249.txt","13_03_27_093959.txt","13_03_27_095108.txt","individual","2026-04-22 11:41:30"
